{
     "Request information": "https://application.admissions.ucdenver.edu/register/UGRDRequestInformation",
     "Business School": "https://business.ucdenver.edu/",
     "Cost of Attendance": "https://www.ucdenver.edu/student-services/resources/CostsAndFinancing/FASO/Learn/Pages/CostofAttendance.aspx",
     "Researchers": "https://www.ucdenver.edu/research",
     "CU Anschutz Medical Campus Schools and Colleges": "https://www.cuanschutz.edu/education",
     "Internships": "https://www.ucdenver.edu/beyond/internships",
     "Non-degree Admissions ": "https://www.ucdenver.edu/admissions/nondegree",
     "Course Catalog & Scheduler": "https://www.ucdenver.edu/programs/catalog",
     "Mission, Vision & Values": "https://www.ucdenver.edu/about-us/mvv",
     "Honors Programs": "https://www.ucdenver.edu/programs/honors",
     "Housing": "https://www.ucdenver.edu/lynx-life/housing",
     "College of Arts & Media": "https://artsandmedia.ucdenver.edu/",
     "Volunteer Opportunities": "https://www.ucdenver.edu/beyond/volunteer",
     "Alumni": "https://www.ucdenver.edu/alumni_friends",
     "Master's Degrees": "https://www.ucdenver.edu/programs/masters",
     "Campus Tours": "https://www.ucdenver.edu/location/tours",
     "Hands-On Learning": "https://www.ucdenver.edu/beyond",
     "Paying Your Bill": "https://www.ucdenver.edu/tuition/paying",
     "Library & Bookstore": "https://www.ucdenver.edu/lynx-life/library",
     "School of Education & Human Development": "https://education.ucdenver.edu",
     "Learn About Financial Aid": "https://www.ucdenver.edu/aid/learn",
     "Graduate School": "https://www.ucdenver.edu/schools/graduate",
     "Student Organizations": "https://www.ucdenver.edu/lynx-life/student-orgs",
     "Economic Impact": "https://www.ucdenver.edu/about-us/impact",
     "Freshman Admissions": "https://www.ucdenver.edu/admissions/freshman",
     "Prospective students": "https://www.ucdenver.edu/prospective-students",
     "Study Abroad": "https://www.ucdenver.edu/beyond/study-abroad",
     "Veteran Services": "https://www.ucdenver.edu/life/services/Veteran/Pages/vmsshome.aspx",
     "Current students": "https://www.ucdenver.edu/students",
     "Pre-college Programs": "https://www.ucdenver.edu/programs/pre-college",
     "Faculty & Staff": "https://www.ucdenver.edu/faculty-staff",
     "Online Programs": "https://www1.ucdenver.edu/online",
     "Campus Events": "https://www.ucdenver.edu/lynx-life/events",
     "Health Programs": "https://www.ucdenver.edu/programs/health",
     "City is Our Campus": "https://www.ucdenver.edu/location/denver",
     "Leadership": "https://www.ucdenver.edu/about-us/leadership",
     "Diversity": "https://www.ucdenver.edu/about-us/diversity",
     "Sports & Recreation": "https://www.ucdenver.edu/lynx-life/sports",
     "International Admissions": "https://www.ucdenver.edu/admissions/international",
     "About the University": "https://www.ucdenver.edu/about-us",
     " Financial Aid & Scholarships": "https://www.ucdenver.edu/aid",
     "Donors": "https://giving.cu.edu/",
     "Veterans": "https://www.ucdenver.edu/vmss",
     "Continuing Education": "https://www.ucdenver.edu/academics/continuing-education",
     "School of Public Affairs": "https://publicaffairs.ucdenver.edu/",
     "Doctorate Degrees": "https://www.ucdenver.edu/programs/phd",
     "Colorado Living": "https://www.ucdenver.edu/location/colorado",
     "Contact Us": "https://www.ucdenver.edu/about-us/contact",
     "Transfer Admissions ": "https://www1.ucdenver.edu/transfer",
     "Degrees & Programs": "https://www.ucdenver.edu/programs",
     "Career Planning": "https://www.ucdenver.edu/beyond/career",
     "College of Engineering, Design and Computing": "https://engineering.ucdenver.edu",
     "Tuition & Costs": "https://www.ucdenver.edu/tuition",
     "History": "https://www.ucdenver.edu/about-us/history",
     "Schools & Colleges": "https://www.ucdenver.edu/schools",
     "Location": "https://www.ucdenver.edu/location",
     "Community & Business": "https://www1.ucdenver.edu/centers/city-center",
     "K-12 Outreach": "https://www.ucdenver.edu/programs/K12Outreach",
     "How to Apply for Aid": "https://www.ucdenver.edu/aid/apply",
     "College of Liberal Arts and Sciences": "https://clas.ucdenver.edu/",
     "Scholarships": "https://www.ucdenver.edu/aid/scholarships",
     "College of Architecture and Planning": "https://architectureandplanning.ucdenver.edu/",
     "Certificate Programs": "https://www.ucdenver.edu/programs/certificate",
     "Health Program Admissions": "https://www.ucdenver.edu/admissions/health",
     "Parking and Maps": "https://www.ucdenver.edu/location/maps",
     "Graduate Admissions ": "https://www.ucdenver.edu/admissions/graduate",
     "Our Campuses": "https://www.ucdenver.edu/about-us/campus",
     "Student Research": "https://www.ucdenver.edu/beyond/research",
     "Safety": "https://www.ucdenver.edu/lynx-life/safety",
     "Apply": "https://www.ucdenver.edu/admissions",
     "Quick Facts": "https://www.ucdenver.edu/about-us/facts",
     "Bachelor's Degrees": "https://www.ucdenver.edu/programs/undergraduate"
}